--
-- PostgreSQL database dump
--

-- Dumped from database version 16.0 (Debian 16.0-1.pgdg120+1)
-- Dumped by pg_dump version 16.0 (Debian 16.0-1.pgdg120+1)

SET statement_timeout = 0;
SET lock_timeout = 0;
SET idle_in_transaction_session_timeout = 0;
SET client_encoding = 'UTF8';
SET standard_conforming_strings = on;
SELECT pg_catalog.set_config('search_path', '', false);
SET check_function_bodies = false;
SET xmloption = content;
SET client_min_messages = warning;
SET row_security = off;

SET default_tablespace = '';

SET default_table_access_method = heap;

--
-- Name: auth_group; Type: TABLE; Schema: public; Owner: postgres
--

CREATE TABLE public.auth_group (
    id integer NOT NULL,
    name character varying(150) NOT NULL
);


ALTER TABLE public.auth_group OWNER TO postgres;

--
-- Name: auth_group_id_seq; Type: SEQUENCE; Schema: public; Owner: postgres
--

ALTER TABLE public.auth_group ALTER COLUMN id ADD GENERATED BY DEFAULT AS IDENTITY (
    SEQUENCE NAME public.auth_group_id_seq
    START WITH 1
    INCREMENT BY 1
    NO MINVALUE
    NO MAXVALUE
    CACHE 1
);


--
-- Name: auth_group_permissions; Type: TABLE; Schema: public; Owner: postgres
--

CREATE TABLE public.auth_group_permissions (
    id bigint NOT NULL,
    group_id integer NOT NULL,
    permission_id integer NOT NULL
);


ALTER TABLE public.auth_group_permissions OWNER TO postgres;

--
-- Name: auth_group_permissions_id_seq; Type: SEQUENCE; Schema: public; Owner: postgres
--

ALTER TABLE public.auth_group_permissions ALTER COLUMN id ADD GENERATED BY DEFAULT AS IDENTITY (
    SEQUENCE NAME public.auth_group_permissions_id_seq
    START WITH 1
    INCREMENT BY 1
    NO MINVALUE
    NO MAXVALUE
    CACHE 1
);


--
-- Name: auth_permission; Type: TABLE; Schema: public; Owner: postgres
--

CREATE TABLE public.auth_permission (
    id integer NOT NULL,
    name character varying(255) NOT NULL,
    content_type_id integer NOT NULL,
    codename character varying(100) NOT NULL
);


ALTER TABLE public.auth_permission OWNER TO postgres;

--
-- Name: auth_permission_id_seq; Type: SEQUENCE; Schema: public; Owner: postgres
--

ALTER TABLE public.auth_permission ALTER COLUMN id ADD GENERATED BY DEFAULT AS IDENTITY (
    SEQUENCE NAME public.auth_permission_id_seq
    START WITH 1
    INCREMENT BY 1
    NO MINVALUE
    NO MAXVALUE
    CACHE 1
);


--
-- Name: auth_user; Type: TABLE; Schema: public; Owner: postgres
--

CREATE TABLE public.auth_user (
    id integer NOT NULL,
    password character varying(128) NOT NULL,
    last_login timestamp with time zone,
    is_superuser boolean NOT NULL,
    username character varying(150) NOT NULL,
    first_name character varying(150) NOT NULL,
    last_name character varying(150) NOT NULL,
    email character varying(254) NOT NULL,
    is_staff boolean NOT NULL,
    is_active boolean NOT NULL,
    date_joined timestamp with time zone NOT NULL
);


ALTER TABLE public.auth_user OWNER TO postgres;

--
-- Name: auth_user_groups; Type: TABLE; Schema: public; Owner: postgres
--

CREATE TABLE public.auth_user_groups (
    id bigint NOT NULL,
    user_id integer NOT NULL,
    group_id integer NOT NULL
);


ALTER TABLE public.auth_user_groups OWNER TO postgres;

--
-- Name: auth_user_groups_id_seq; Type: SEQUENCE; Schema: public; Owner: postgres
--

ALTER TABLE public.auth_user_groups ALTER COLUMN id ADD GENERATED BY DEFAULT AS IDENTITY (
    SEQUENCE NAME public.auth_user_groups_id_seq
    START WITH 1
    INCREMENT BY 1
    NO MINVALUE
    NO MAXVALUE
    CACHE 1
);


--
-- Name: auth_user_id_seq; Type: SEQUENCE; Schema: public; Owner: postgres
--

ALTER TABLE public.auth_user ALTER COLUMN id ADD GENERATED BY DEFAULT AS IDENTITY (
    SEQUENCE NAME public.auth_user_id_seq
    START WITH 1
    INCREMENT BY 1
    NO MINVALUE
    NO MAXVALUE
    CACHE 1
);


--
-- Name: auth_user_user_permissions; Type: TABLE; Schema: public; Owner: postgres
--

CREATE TABLE public.auth_user_user_permissions (
    id bigint NOT NULL,
    user_id integer NOT NULL,
    permission_id integer NOT NULL
);


ALTER TABLE public.auth_user_user_permissions OWNER TO postgres;

--
-- Name: auth_user_user_permissions_id_seq; Type: SEQUENCE; Schema: public; Owner: postgres
--

ALTER TABLE public.auth_user_user_permissions ALTER COLUMN id ADD GENERATED BY DEFAULT AS IDENTITY (
    SEQUENCE NAME public.auth_user_user_permissions_id_seq
    START WITH 1
    INCREMENT BY 1
    NO MINVALUE
    NO MAXVALUE
    CACHE 1
);


--
-- Name: django_admin_log; Type: TABLE; Schema: public; Owner: postgres
--

CREATE TABLE public.django_admin_log (
    id integer NOT NULL,
    action_time timestamp with time zone NOT NULL,
    object_id text,
    object_repr character varying(200) NOT NULL,
    action_flag smallint NOT NULL,
    change_message text NOT NULL,
    content_type_id integer,
    user_id integer NOT NULL,
    CONSTRAINT django_admin_log_action_flag_check CHECK ((action_flag >= 0))
);


ALTER TABLE public.django_admin_log OWNER TO postgres;

--
-- Name: django_admin_log_id_seq; Type: SEQUENCE; Schema: public; Owner: postgres
--

ALTER TABLE public.django_admin_log ALTER COLUMN id ADD GENERATED BY DEFAULT AS IDENTITY (
    SEQUENCE NAME public.django_admin_log_id_seq
    START WITH 1
    INCREMENT BY 1
    NO MINVALUE
    NO MAXVALUE
    CACHE 1
);


--
-- Name: django_content_type; Type: TABLE; Schema: public; Owner: postgres
--

CREATE TABLE public.django_content_type (
    id integer NOT NULL,
    app_label character varying(100) NOT NULL,
    model character varying(100) NOT NULL
);


ALTER TABLE public.django_content_type OWNER TO postgres;

--
-- Name: django_content_type_id_seq; Type: SEQUENCE; Schema: public; Owner: postgres
--

ALTER TABLE public.django_content_type ALTER COLUMN id ADD GENERATED BY DEFAULT AS IDENTITY (
    SEQUENCE NAME public.django_content_type_id_seq
    START WITH 1
    INCREMENT BY 1
    NO MINVALUE
    NO MAXVALUE
    CACHE 1
);


--
-- Name: django_migrations; Type: TABLE; Schema: public; Owner: postgres
--

CREATE TABLE public.django_migrations (
    id bigint NOT NULL,
    app character varying(255) NOT NULL,
    name character varying(255) NOT NULL,
    applied timestamp with time zone NOT NULL
);


ALTER TABLE public.django_migrations OWNER TO postgres;

--
-- Name: django_migrations_id_seq; Type: SEQUENCE; Schema: public; Owner: postgres
--

ALTER TABLE public.django_migrations ALTER COLUMN id ADD GENERATED BY DEFAULT AS IDENTITY (
    SEQUENCE NAME public.django_migrations_id_seq
    START WITH 1
    INCREMENT BY 1
    NO MINVALUE
    NO MAXVALUE
    CACHE 1
);


--
-- Name: django_session; Type: TABLE; Schema: public; Owner: postgres
--

CREATE TABLE public.django_session (
    session_key character varying(40) NOT NULL,
    session_data text NOT NULL,
    expire_date timestamp with time zone NOT NULL
);


ALTER TABLE public.django_session OWNER TO postgres;

--
-- Name: popups_action; Type: TABLE; Schema: public; Owner: postgres
--

CREATE TABLE public.popups_action (
    id integer NOT NULL,
    action_type character varying(255) NOT NULL
);


ALTER TABLE public.popups_action OWNER TO postgres;

--
-- Name: popups_action_id_seq; Type: SEQUENCE; Schema: public; Owner: postgres
--

ALTER TABLE public.popups_action ALTER COLUMN id ADD GENERATED BY DEFAULT AS IDENTITY (
    SEQUENCE NAME public.popups_action_id_seq
    START WITH 1
    INCREMENT BY 1
    NO MINVALUE
    NO MAXVALUE
    CACHE 1
);


--
-- Name: popups_adpopup; Type: TABLE; Schema: public; Owner: postgres
--

CREATE TABLE public.popups_adpopup (
    id integer NOT NULL,
    text text NOT NULL,
    time_to_send timestamp with time zone NOT NULL
);


ALTER TABLE public.popups_adpopup OWNER TO postgres;

--
-- Name: popups_adpopup_id_seq; Type: SEQUENCE; Schema: public; Owner: postgres
--

ALTER TABLE public.popups_adpopup ALTER COLUMN id ADD GENERATED BY DEFAULT AS IDENTITY (
    SEQUENCE NAME public.popups_adpopup_id_seq
    START WITH 1
    INCREMENT BY 1
    NO MINVALUE
    NO MAXVALUE
    CACHE 1
);


--
-- Name: popups_group; Type: TABLE; Schema: public; Owner: postgres
--

CREATE TABLE public.popups_group (
    id integer NOT NULL,
    name character varying(255) NOT NULL,
    description text NOT NULL
);


ALTER TABLE public.popups_group OWNER TO postgres;

--
-- Name: popups_group_id_seq; Type: SEQUENCE; Schema: public; Owner: postgres
--

ALTER TABLE public.popups_group ALTER COLUMN id ADD GENERATED BY DEFAULT AS IDENTITY (
    SEQUENCE NAME public.popups_group_id_seq
    START WITH 1
    INCREMENT BY 1
    NO MINVALUE
    NO MAXVALUE
    CACHE 1
);


--
-- Name: popups_popupgroup; Type: TABLE; Schema: public; Owner: postgres
--

CREATE TABLE public.popups_popupgroup (
    id bigint NOT NULL,
    group_id integer NOT NULL,
    popup_id integer NOT NULL
);


ALTER TABLE public.popups_popupgroup OWNER TO postgres;

--
-- Name: popups_popupgroup_id_seq; Type: SEQUENCE; Schema: public; Owner: postgres
--

ALTER TABLE public.popups_popupgroup ALTER COLUMN id ADD GENERATED BY DEFAULT AS IDENTITY (
    SEQUENCE NAME public.popups_popupgroup_id_seq
    START WITH 1
    INCREMENT BY 1
    NO MINVALUE
    NO MAXVALUE
    CACHE 1
);


--
-- Name: popups_targetedpopup; Type: TABLE; Schema: public; Owner: postgres
--

CREATE TABLE public.popups_targetedpopup (
    id integer NOT NULL,
    text text NOT NULL,
    action_id integer NOT NULL
);


ALTER TABLE public.popups_targetedpopup OWNER TO postgres;

--
-- Name: popups_targetedpopup_id_seq; Type: SEQUENCE; Schema: public; Owner: postgres
--

ALTER TABLE public.popups_targetedpopup ALTER COLUMN id ADD GENERATED BY DEFAULT AS IDENTITY (
    SEQUENCE NAME public.popups_targetedpopup_id_seq
    START WITH 1
    INCREMENT BY 1
    NO MINVALUE
    NO MAXVALUE
    CACHE 1
);


--
-- Name: popups_targetedpopupanswer; Type: TABLE; Schema: public; Owner: postgres
--

CREATE TABLE public.popups_targetedpopupanswer (
    id bigint NOT NULL,
    user_answer_text text NOT NULL,
    user_rating_stars integer NOT NULL,
    popup_id integer NOT NULL,
    user_id integer NOT NULL,
    CONSTRAINT popups_targetedpopupanswer_user_rating_stars_check CHECK ((user_rating_stars >= 0))
);


ALTER TABLE public.popups_targetedpopupanswer OWNER TO postgres;

--
-- Name: popups_targetedpopupanswer_id_seq; Type: SEQUENCE; Schema: public; Owner: postgres
--

ALTER TABLE public.popups_targetedpopupanswer ALTER COLUMN id ADD GENERATED BY DEFAULT AS IDENTITY (
    SEQUENCE NAME public.popups_targetedpopupanswer_id_seq
    START WITH 1
    INCREMENT BY 1
    NO MINVALUE
    NO MAXVALUE
    CACHE 1
);


--
-- Name: popups_user; Type: TABLE; Schema: public; Owner: postgres
--

CREATE TABLE public.popups_user (
    id integer NOT NULL,
    name character varying(255) NOT NULL,
    last_logged_in timestamp with time zone NOT NULL
);


ALTER TABLE public.popups_user OWNER TO postgres;

--
-- Name: popups_user_id_seq; Type: SEQUENCE; Schema: public; Owner: postgres
--

ALTER TABLE public.popups_user ALTER COLUMN id ADD GENERATED BY DEFAULT AS IDENTITY (
    SEQUENCE NAME public.popups_user_id_seq
    START WITH 1
    INCREMENT BY 1
    NO MINVALUE
    NO MAXVALUE
    CACHE 1
);


--
-- Name: popups_usergroup; Type: TABLE; Schema: public; Owner: postgres
--

CREATE TABLE public.popups_usergroup (
    id bigint NOT NULL,
    group_id integer NOT NULL,
    user_id integer NOT NULL
);


ALTER TABLE public.popups_usergroup OWNER TO postgres;

--
-- Name: popups_usergroup_id_seq; Type: SEQUENCE; Schema: public; Owner: postgres
--

ALTER TABLE public.popups_usergroup ALTER COLUMN id ADD GENERATED BY DEFAULT AS IDENTITY (
    SEQUENCE NAME public.popups_usergroup_id_seq
    START WITH 1
    INCREMENT BY 1
    NO MINVALUE
    NO MAXVALUE
    CACHE 1
);


--
-- Data for Name: auth_group; Type: TABLE DATA; Schema: public; Owner: postgres
--

COPY public.auth_group (id, name) FROM stdin;
\.


--
-- Data for Name: auth_group_permissions; Type: TABLE DATA; Schema: public; Owner: postgres
--

COPY public.auth_group_permissions (id, group_id, permission_id) FROM stdin;
\.


--
-- Data for Name: auth_permission; Type: TABLE DATA; Schema: public; Owner: postgres
--

COPY public.auth_permission (id, name, content_type_id, codename) FROM stdin;
1	Can add log entry	1	add_logentry
2	Can change log entry	1	change_logentry
3	Can delete log entry	1	delete_logentry
4	Can view log entry	1	view_logentry
5	Can add permission	2	add_permission
6	Can change permission	2	change_permission
7	Can delete permission	2	delete_permission
8	Can view permission	2	view_permission
9	Can add group	3	add_group
10	Can change group	3	change_group
11	Can delete group	3	delete_group
12	Can view group	3	view_group
13	Can add user	4	add_user
14	Can change user	4	change_user
15	Can delete user	4	delete_user
16	Can view user	4	view_user
17	Can add content type	5	add_contenttype
18	Can change content type	5	change_contenttype
19	Can delete content type	5	delete_contenttype
20	Can view content type	5	view_contenttype
21	Can add session	6	add_session
22	Can change session	6	change_session
23	Can delete session	6	delete_session
24	Can view session	6	view_session
25	Can add action	7	add_action
26	Can change action	7	change_action
27	Can delete action	7	delete_action
28	Can view action	7	view_action
29	Can add ad popup	8	add_adpopup
30	Can change ad popup	8	change_adpopup
31	Can delete ad popup	8	delete_adpopup
32	Can view ad popup	8	view_adpopup
33	Can add group	9	add_group
34	Can change group	9	change_group
35	Can delete group	9	delete_group
36	Can view group	9	view_group
37	Can add targeted popup	10	add_targetedpopup
38	Can change targeted popup	10	change_targetedpopup
39	Can delete targeted popup	10	delete_targetedpopup
40	Can view targeted popup	10	view_targetedpopup
41	Can add user	11	add_user
42	Can change user	11	change_user
43	Can delete user	11	delete_user
44	Can view user	11	view_user
45	Can add user group	12	add_usergroup
46	Can change user group	12	change_usergroup
47	Can delete user group	12	delete_usergroup
48	Can view user group	12	view_usergroup
49	Can add targeted popup answer	13	add_targetedpopupanswer
50	Can change targeted popup answer	13	change_targetedpopupanswer
51	Can delete targeted popup answer	13	delete_targetedpopupanswer
52	Can view targeted popup answer	13	view_targetedpopupanswer
53	Can add popup group	14	add_popupgroup
54	Can change popup group	14	change_popupgroup
55	Can delete popup group	14	delete_popupgroup
56	Can view popup group	14	view_popupgroup
\.


--
-- Data for Name: auth_user; Type: TABLE DATA; Schema: public; Owner: postgres
--

COPY public.auth_user (id, password, last_login, is_superuser, username, first_name, last_name, email, is_staff, is_active, date_joined) FROM stdin;
1	pbkdf2_sha256$600000$fssDtYKHZ67rPAtphUubXv$B2oQwhbI4r6QmlSTJCY27rWWxNtMBy7WSz85G/+nPbY=	2023-10-28 14:12:32.47747+00	t	admin				t	t	2023-10-28 14:12:13.384976+00
\.


--
-- Data for Name: auth_user_groups; Type: TABLE DATA; Schema: public; Owner: postgres
--

COPY public.auth_user_groups (id, user_id, group_id) FROM stdin;
\.


--
-- Data for Name: auth_user_user_permissions; Type: TABLE DATA; Schema: public; Owner: postgres
--

COPY public.auth_user_user_permissions (id, user_id, permission_id) FROM stdin;
\.


--
-- Data for Name: django_admin_log; Type: TABLE DATA; Schema: public; Owner: postgres
--

COPY public.django_admin_log (id, action_time, object_id, object_repr, action_flag, change_message, content_type_id, user_id) FROM stdin;
1	2023-10-28 14:12:54.925355+00	1	User object (1)	1	[{"added": {}}]	11	1
2	2023-10-28 14:13:51.312488+00	1	Group object (1)	1	[{"added": {}}]	9	1
3	2023-10-28 14:45:59.316597+00	1	UserGroup object (1)	1	[{"added": {}}]	12	1
4	2023-10-28 14:46:36.960223+00	1	AdPopup object (1)	1	[{"added": {}}]	8	1
5	2023-10-28 14:46:46.106112+00	1	PopupGroup object (1)	1	[{"added": {}}]	14	1
6	2023-10-28 15:22:05.074975+00	1	AdPopup object (1)	2	[{"changed": {"fields": ["Time to send"]}}]	8	1
7	2023-10-28 15:22:13.265132+00	1	AdPopup object (1)	2	[{"changed": {"fields": ["Text"]}}]	8	1
8	2023-10-28 15:24:59.070049+00	1	User object (1)	2	[{"changed": {"fields": ["Last logged in"]}}]	11	1
9	2023-10-28 16:13:26.446354+00	1	User object (1)	2	[{"changed": {"fields": ["Last logged in"]}}]	11	1
10	2023-10-28 16:19:01.626851+00	1	User object (1)	2	[{"changed": {"fields": ["Last logged in"]}}]	11	1
11	2023-10-28 16:19:44.244892+00	1	User object (1)	2	[{"changed": {"fields": ["Last logged in"]}}]	11	1
12	2023-10-28 16:19:59.137871+00	1	User object (1)	2	[{"changed": {"fields": ["Last logged in"]}}]	11	1
\.


--
-- Data for Name: django_content_type; Type: TABLE DATA; Schema: public; Owner: postgres
--

COPY public.django_content_type (id, app_label, model) FROM stdin;
1	admin	logentry
2	auth	permission
3	auth	group
4	auth	user
5	contenttypes	contenttype
6	sessions	session
7	popups	action
8	popups	adpopup
9	popups	group
10	popups	targetedpopup
11	popups	user
12	popups	usergroup
13	popups	targetedpopupanswer
14	popups	popupgroup
\.


--
-- Data for Name: django_migrations; Type: TABLE DATA; Schema: public; Owner: postgres
--

COPY public.django_migrations (id, app, name, applied) FROM stdin;
1	contenttypes	0001_initial	2023-10-28 14:10:23.987263+00
2	auth	0001_initial	2023-10-28 14:10:24.237753+00
3	admin	0001_initial	2023-10-28 14:10:24.313661+00
4	admin	0002_logentry_remove_auto_add	2023-10-28 14:10:24.330131+00
5	admin	0003_logentry_add_action_flag_choices	2023-10-28 14:10:24.38402+00
6	contenttypes	0002_remove_content_type_name	2023-10-28 14:10:24.465758+00
7	auth	0002_alter_permission_name_max_length	2023-10-28 14:10:24.51532+00
8	auth	0003_alter_user_email_max_length	2023-10-28 14:10:24.586455+00
9	auth	0004_alter_user_username_opts	2023-10-28 14:10:24.848597+00
10	auth	0005_alter_user_last_login_null	2023-10-28 14:10:24.910511+00
11	auth	0006_require_contenttypes_0002	2023-10-28 14:10:24.925813+00
12	auth	0007_alter_validators_add_error_messages	2023-10-28 14:10:25.032323+00
13	auth	0008_alter_user_username_max_length	2023-10-28 14:10:25.239655+00
14	auth	0009_alter_user_last_name_max_length	2023-10-28 14:10:25.555279+00
15	auth	0010_alter_group_name_max_length	2023-10-28 14:10:25.610284+00
16	auth	0011_update_proxy_permissions	2023-10-28 14:10:25.661857+00
17	auth	0012_alter_user_first_name_max_length	2023-10-28 14:10:25.732927+00
18	popups	0001_initial	2023-10-28 14:10:25.982588+00
19	sessions	0001_initial	2023-10-28 14:10:26.030293+00
\.


--
-- Data for Name: django_session; Type: TABLE DATA; Schema: public; Owner: postgres
--

COPY public.django_session (session_key, session_data, expire_date) FROM stdin;
8dlc2tg02syw06v6l5qsv5mio9nk3wzt	.eJxVjDsOwjAQBe_iGlnrD_5Q0ucMlne9xgGUSHFSIe4OkVJA-2bmvUTK29rS1nlJYxEXocTpd8NMD552UO55us2S5mldRpS7Ig_a5TAXfl4P9--g5d6-tfXOsrbeMJmoMXqnjCM0tarABAWgmoKkkCA60Ocagw0AjJqr9iWI9wfQ1zei:1qwk3E:tesMOgMqiFmWHkeIY8s6nI7SlLOT_qj71W5YUJbJQws	2023-11-11 14:12:32.681103+00
\.


--
-- Data for Name: popups_action; Type: TABLE DATA; Schema: public; Owner: postgres
--

COPY public.popups_action (id, action_type) FROM stdin;
\.


--
-- Data for Name: popups_adpopup; Type: TABLE DATA; Schema: public; Owner: postgres
--

COPY public.popups_adpopup (id, text, time_to_send) FROM stdin;
1	Discount on Estee Lauder beauty products for 20%!	2023-10-28 14:00:00+00
\.


--
-- Data for Name: popups_group; Type: TABLE DATA; Schema: public; Owner: postgres
--

COPY public.popups_group (id, name, description) FROM stdin;
1	Females	Group in which are only female users!
\.


--
-- Data for Name: popups_popupgroup; Type: TABLE DATA; Schema: public; Owner: postgres
--

COPY public.popups_popupgroup (id, group_id, popup_id) FROM stdin;
1	1	1
\.


--
-- Data for Name: popups_targetedpopup; Type: TABLE DATA; Schema: public; Owner: postgres
--

COPY public.popups_targetedpopup (id, text, action_id) FROM stdin;
\.


--
-- Data for Name: popups_targetedpopupanswer; Type: TABLE DATA; Schema: public; Owner: postgres
--

COPY public.popups_targetedpopupanswer (id, user_answer_text, user_rating_stars, popup_id, user_id) FROM stdin;
\.


--
-- Data for Name: popups_user; Type: TABLE DATA; Schema: public; Owner: postgres
--

COPY public.popups_user (id, name, last_logged_in) FROM stdin;
1	Aida Akhmetova	2023-10-28 12:00:00+00
\.


--
-- Data for Name: popups_usergroup; Type: TABLE DATA; Schema: public; Owner: postgres
--

COPY public.popups_usergroup (id, group_id, user_id) FROM stdin;
1	1	1
\.


--
-- Name: auth_group_id_seq; Type: SEQUENCE SET; Schema: public; Owner: postgres
--

SELECT pg_catalog.setval('public.auth_group_id_seq', 1, false);


--
-- Name: auth_group_permissions_id_seq; Type: SEQUENCE SET; Schema: public; Owner: postgres
--

SELECT pg_catalog.setval('public.auth_group_permissions_id_seq', 1, false);


--
-- Name: auth_permission_id_seq; Type: SEQUENCE SET; Schema: public; Owner: postgres
--

SELECT pg_catalog.setval('public.auth_permission_id_seq', 56, true);


--
-- Name: auth_user_groups_id_seq; Type: SEQUENCE SET; Schema: public; Owner: postgres
--

SELECT pg_catalog.setval('public.auth_user_groups_id_seq', 1, false);


--
-- Name: auth_user_id_seq; Type: SEQUENCE SET; Schema: public; Owner: postgres
--

SELECT pg_catalog.setval('public.auth_user_id_seq', 1, true);


--
-- Name: auth_user_user_permissions_id_seq; Type: SEQUENCE SET; Schema: public; Owner: postgres
--

SELECT pg_catalog.setval('public.auth_user_user_permissions_id_seq', 1, false);


--
-- Name: django_admin_log_id_seq; Type: SEQUENCE SET; Schema: public; Owner: postgres
--

SELECT pg_catalog.setval('public.django_admin_log_id_seq', 12, true);


--
-- Name: django_content_type_id_seq; Type: SEQUENCE SET; Schema: public; Owner: postgres
--

SELECT pg_catalog.setval('public.django_content_type_id_seq', 14, true);


--
-- Name: django_migrations_id_seq; Type: SEQUENCE SET; Schema: public; Owner: postgres
--

SELECT pg_catalog.setval('public.django_migrations_id_seq', 19, true);


--
-- Name: popups_action_id_seq; Type: SEQUENCE SET; Schema: public; Owner: postgres
--

SELECT pg_catalog.setval('public.popups_action_id_seq', 1, false);


--
-- Name: popups_adpopup_id_seq; Type: SEQUENCE SET; Schema: public; Owner: postgres
--

SELECT pg_catalog.setval('public.popups_adpopup_id_seq', 1, true);


--
-- Name: popups_group_id_seq; Type: SEQUENCE SET; Schema: public; Owner: postgres
--

SELECT pg_catalog.setval('public.popups_group_id_seq', 1, true);


--
-- Name: popups_popupgroup_id_seq; Type: SEQUENCE SET; Schema: public; Owner: postgres
--

SELECT pg_catalog.setval('public.popups_popupgroup_id_seq', 1, true);


--
-- Name: popups_targetedpopup_id_seq; Type: SEQUENCE SET; Schema: public; Owner: postgres
--

SELECT pg_catalog.setval('public.popups_targetedpopup_id_seq', 1, false);


--
-- Name: popups_targetedpopupanswer_id_seq; Type: SEQUENCE SET; Schema: public; Owner: postgres
--

SELECT pg_catalog.setval('public.popups_targetedpopupanswer_id_seq', 1, false);


--
-- Name: popups_user_id_seq; Type: SEQUENCE SET; Schema: public; Owner: postgres
--

SELECT pg_catalog.setval('public.popups_user_id_seq', 1, true);


--
-- Name: popups_usergroup_id_seq; Type: SEQUENCE SET; Schema: public; Owner: postgres
--

SELECT pg_catalog.setval('public.popups_usergroup_id_seq', 1, true);


--
-- Name: auth_group auth_group_name_key; Type: CONSTRAINT; Schema: public; Owner: postgres
--

ALTER TABLE ONLY public.auth_group
    ADD CONSTRAINT auth_group_name_key UNIQUE (name);


--
-- Name: auth_group_permissions auth_group_permissions_group_id_permission_id_0cd325b0_uniq; Type: CONSTRAINT; Schema: public; Owner: postgres
--

ALTER TABLE ONLY public.auth_group_permissions
    ADD CONSTRAINT auth_group_permissions_group_id_permission_id_0cd325b0_uniq UNIQUE (group_id, permission_id);


--
-- Name: auth_group_permissions auth_group_permissions_pkey; Type: CONSTRAINT; Schema: public; Owner: postgres
--

ALTER TABLE ONLY public.auth_group_permissions
    ADD CONSTRAINT auth_group_permissions_pkey PRIMARY KEY (id);


--
-- Name: auth_group auth_group_pkey; Type: CONSTRAINT; Schema: public; Owner: postgres
--

ALTER TABLE ONLY public.auth_group
    ADD CONSTRAINT auth_group_pkey PRIMARY KEY (id);


--
-- Name: auth_permission auth_permission_content_type_id_codename_01ab375a_uniq; Type: CONSTRAINT; Schema: public; Owner: postgres
--

ALTER TABLE ONLY public.auth_permission
    ADD CONSTRAINT auth_permission_content_type_id_codename_01ab375a_uniq UNIQUE (content_type_id, codename);


--
-- Name: auth_permission auth_permission_pkey; Type: CONSTRAINT; Schema: public; Owner: postgres
--

ALTER TABLE ONLY public.auth_permission
    ADD CONSTRAINT auth_permission_pkey PRIMARY KEY (id);


--
-- Name: auth_user_groups auth_user_groups_pkey; Type: CONSTRAINT; Schema: public; Owner: postgres
--

ALTER TABLE ONLY public.auth_user_groups
    ADD CONSTRAINT auth_user_groups_pkey PRIMARY KEY (id);


--
-- Name: auth_user_groups auth_user_groups_user_id_group_id_94350c0c_uniq; Type: CONSTRAINT; Schema: public; Owner: postgres
--

ALTER TABLE ONLY public.auth_user_groups
    ADD CONSTRAINT auth_user_groups_user_id_group_id_94350c0c_uniq UNIQUE (user_id, group_id);


--
-- Name: auth_user auth_user_pkey; Type: CONSTRAINT; Schema: public; Owner: postgres
--

ALTER TABLE ONLY public.auth_user
    ADD CONSTRAINT auth_user_pkey PRIMARY KEY (id);


--
-- Name: auth_user_user_permissions auth_user_user_permissions_pkey; Type: CONSTRAINT; Schema: public; Owner: postgres
--

ALTER TABLE ONLY public.auth_user_user_permissions
    ADD CONSTRAINT auth_user_user_permissions_pkey PRIMARY KEY (id);


--
-- Name: auth_user_user_permissions auth_user_user_permissions_user_id_permission_id_14a6b632_uniq; Type: CONSTRAINT; Schema: public; Owner: postgres
--

ALTER TABLE ONLY public.auth_user_user_permissions
    ADD CONSTRAINT auth_user_user_permissions_user_id_permission_id_14a6b632_uniq UNIQUE (user_id, permission_id);


--
-- Name: auth_user auth_user_username_key; Type: CONSTRAINT; Schema: public; Owner: postgres
--

ALTER TABLE ONLY public.auth_user
    ADD CONSTRAINT auth_user_username_key UNIQUE (username);


--
-- Name: django_admin_log django_admin_log_pkey; Type: CONSTRAINT; Schema: public; Owner: postgres
--

ALTER TABLE ONLY public.django_admin_log
    ADD CONSTRAINT django_admin_log_pkey PRIMARY KEY (id);


--
-- Name: django_content_type django_content_type_app_label_model_76bd3d3b_uniq; Type: CONSTRAINT; Schema: public; Owner: postgres
--

ALTER TABLE ONLY public.django_content_type
    ADD CONSTRAINT django_content_type_app_label_model_76bd3d3b_uniq UNIQUE (app_label, model);


--
-- Name: django_content_type django_content_type_pkey; Type: CONSTRAINT; Schema: public; Owner: postgres
--

ALTER TABLE ONLY public.django_content_type
    ADD CONSTRAINT django_content_type_pkey PRIMARY KEY (id);


--
-- Name: django_migrations django_migrations_pkey; Type: CONSTRAINT; Schema: public; Owner: postgres
--

ALTER TABLE ONLY public.django_migrations
    ADD CONSTRAINT django_migrations_pkey PRIMARY KEY (id);


--
-- Name: django_session django_session_pkey; Type: CONSTRAINT; Schema: public; Owner: postgres
--

ALTER TABLE ONLY public.django_session
    ADD CONSTRAINT django_session_pkey PRIMARY KEY (session_key);


--
-- Name: popups_action popups_action_pkey; Type: CONSTRAINT; Schema: public; Owner: postgres
--

ALTER TABLE ONLY public.popups_action
    ADD CONSTRAINT popups_action_pkey PRIMARY KEY (id);


--
-- Name: popups_adpopup popups_adpopup_pkey; Type: CONSTRAINT; Schema: public; Owner: postgres
--

ALTER TABLE ONLY public.popups_adpopup
    ADD CONSTRAINT popups_adpopup_pkey PRIMARY KEY (id);


--
-- Name: popups_group popups_group_pkey; Type: CONSTRAINT; Schema: public; Owner: postgres
--

ALTER TABLE ONLY public.popups_group
    ADD CONSTRAINT popups_group_pkey PRIMARY KEY (id);


--
-- Name: popups_popupgroup popups_popupgroup_pkey; Type: CONSTRAINT; Schema: public; Owner: postgres
--

ALTER TABLE ONLY public.popups_popupgroup
    ADD CONSTRAINT popups_popupgroup_pkey PRIMARY KEY (id);


--
-- Name: popups_targetedpopup popups_targetedpopup_pkey; Type: CONSTRAINT; Schema: public; Owner: postgres
--

ALTER TABLE ONLY public.popups_targetedpopup
    ADD CONSTRAINT popups_targetedpopup_pkey PRIMARY KEY (id);


--
-- Name: popups_targetedpopupanswer popups_targetedpopupanswer_pkey; Type: CONSTRAINT; Schema: public; Owner: postgres
--

ALTER TABLE ONLY public.popups_targetedpopupanswer
    ADD CONSTRAINT popups_targetedpopupanswer_pkey PRIMARY KEY (id);


--
-- Name: popups_user popups_user_pkey; Type: CONSTRAINT; Schema: public; Owner: postgres
--

ALTER TABLE ONLY public.popups_user
    ADD CONSTRAINT popups_user_pkey PRIMARY KEY (id);


--
-- Name: popups_usergroup popups_usergroup_pkey; Type: CONSTRAINT; Schema: public; Owner: postgres
--

ALTER TABLE ONLY public.popups_usergroup
    ADD CONSTRAINT popups_usergroup_pkey PRIMARY KEY (id);


--
-- Name: auth_group_name_a6ea08ec_like; Type: INDEX; Schema: public; Owner: postgres
--

CREATE INDEX auth_group_name_a6ea08ec_like ON public.auth_group USING btree (name varchar_pattern_ops);


--
-- Name: auth_group_permissions_group_id_b120cbf9; Type: INDEX; Schema: public; Owner: postgres
--

CREATE INDEX auth_group_permissions_group_id_b120cbf9 ON public.auth_group_permissions USING btree (group_id);


--
-- Name: auth_group_permissions_permission_id_84c5c92e; Type: INDEX; Schema: public; Owner: postgres
--

CREATE INDEX auth_group_permissions_permission_id_84c5c92e ON public.auth_group_permissions USING btree (permission_id);


--
-- Name: auth_permission_content_type_id_2f476e4b; Type: INDEX; Schema: public; Owner: postgres
--

CREATE INDEX auth_permission_content_type_id_2f476e4b ON public.auth_permission USING btree (content_type_id);


--
-- Name: auth_user_groups_group_id_97559544; Type: INDEX; Schema: public; Owner: postgres
--

CREATE INDEX auth_user_groups_group_id_97559544 ON public.auth_user_groups USING btree (group_id);


--
-- Name: auth_user_groups_user_id_6a12ed8b; Type: INDEX; Schema: public; Owner: postgres
--

CREATE INDEX auth_user_groups_user_id_6a12ed8b ON public.auth_user_groups USING btree (user_id);


--
-- Name: auth_user_user_permissions_permission_id_1fbb5f2c; Type: INDEX; Schema: public; Owner: postgres
--

CREATE INDEX auth_user_user_permissions_permission_id_1fbb5f2c ON public.auth_user_user_permissions USING btree (permission_id);


--
-- Name: auth_user_user_permissions_user_id_a95ead1b; Type: INDEX; Schema: public; Owner: postgres
--

CREATE INDEX auth_user_user_permissions_user_id_a95ead1b ON public.auth_user_user_permissions USING btree (user_id);


--
-- Name: auth_user_username_6821ab7c_like; Type: INDEX; Schema: public; Owner: postgres
--

CREATE INDEX auth_user_username_6821ab7c_like ON public.auth_user USING btree (username varchar_pattern_ops);


--
-- Name: django_admin_log_content_type_id_c4bce8eb; Type: INDEX; Schema: public; Owner: postgres
--

CREATE INDEX django_admin_log_content_type_id_c4bce8eb ON public.django_admin_log USING btree (content_type_id);


--
-- Name: django_admin_log_user_id_c564eba6; Type: INDEX; Schema: public; Owner: postgres
--

CREATE INDEX django_admin_log_user_id_c564eba6 ON public.django_admin_log USING btree (user_id);


--
-- Name: django_session_expire_date_a5c62663; Type: INDEX; Schema: public; Owner: postgres
--

CREATE INDEX django_session_expire_date_a5c62663 ON public.django_session USING btree (expire_date);


--
-- Name: django_session_session_key_c0390e0f_like; Type: INDEX; Schema: public; Owner: postgres
--

CREATE INDEX django_session_session_key_c0390e0f_like ON public.django_session USING btree (session_key varchar_pattern_ops);


--
-- Name: popups_popupgroup_group_id_eba8f03f; Type: INDEX; Schema: public; Owner: postgres
--

CREATE INDEX popups_popupgroup_group_id_eba8f03f ON public.popups_popupgroup USING btree (group_id);


--
-- Name: popups_popupgroup_popup_id_44e94f3e; Type: INDEX; Schema: public; Owner: postgres
--

CREATE INDEX popups_popupgroup_popup_id_44e94f3e ON public.popups_popupgroup USING btree (popup_id);


--
-- Name: popups_targetedpopup_action_id_8bb7b873; Type: INDEX; Schema: public; Owner: postgres
--

CREATE INDEX popups_targetedpopup_action_id_8bb7b873 ON public.popups_targetedpopup USING btree (action_id);


--
-- Name: popups_targetedpopupanswer_popup_id_1017f51b; Type: INDEX; Schema: public; Owner: postgres
--

CREATE INDEX popups_targetedpopupanswer_popup_id_1017f51b ON public.popups_targetedpopupanswer USING btree (popup_id);


--
-- Name: popups_targetedpopupanswer_user_id_49164a22; Type: INDEX; Schema: public; Owner: postgres
--

CREATE INDEX popups_targetedpopupanswer_user_id_49164a22 ON public.popups_targetedpopupanswer USING btree (user_id);


--
-- Name: popups_usergroup_group_id_101a84e4; Type: INDEX; Schema: public; Owner: postgres
--

CREATE INDEX popups_usergroup_group_id_101a84e4 ON public.popups_usergroup USING btree (group_id);


--
-- Name: popups_usergroup_user_id_d2214b09; Type: INDEX; Schema: public; Owner: postgres
--

CREATE INDEX popups_usergroup_user_id_d2214b09 ON public.popups_usergroup USING btree (user_id);


--
-- Name: auth_group_permissions auth_group_permissio_permission_id_84c5c92e_fk_auth_perm; Type: FK CONSTRAINT; Schema: public; Owner: postgres
--

ALTER TABLE ONLY public.auth_group_permissions
    ADD CONSTRAINT auth_group_permissio_permission_id_84c5c92e_fk_auth_perm FOREIGN KEY (permission_id) REFERENCES public.auth_permission(id) DEFERRABLE INITIALLY DEFERRED;


--
-- Name: auth_group_permissions auth_group_permissions_group_id_b120cbf9_fk_auth_group_id; Type: FK CONSTRAINT; Schema: public; Owner: postgres
--

ALTER TABLE ONLY public.auth_group_permissions
    ADD CONSTRAINT auth_group_permissions_group_id_b120cbf9_fk_auth_group_id FOREIGN KEY (group_id) REFERENCES public.auth_group(id) DEFERRABLE INITIALLY DEFERRED;


--
-- Name: auth_permission auth_permission_content_type_id_2f476e4b_fk_django_co; Type: FK CONSTRAINT; Schema: public; Owner: postgres
--

ALTER TABLE ONLY public.auth_permission
    ADD CONSTRAINT auth_permission_content_type_id_2f476e4b_fk_django_co FOREIGN KEY (content_type_id) REFERENCES public.django_content_type(id) DEFERRABLE INITIALLY DEFERRED;


--
-- Name: auth_user_groups auth_user_groups_group_id_97559544_fk_auth_group_id; Type: FK CONSTRAINT; Schema: public; Owner: postgres
--

ALTER TABLE ONLY public.auth_user_groups
    ADD CONSTRAINT auth_user_groups_group_id_97559544_fk_auth_group_id FOREIGN KEY (group_id) REFERENCES public.auth_group(id) DEFERRABLE INITIALLY DEFERRED;


--
-- Name: auth_user_groups auth_user_groups_user_id_6a12ed8b_fk_auth_user_id; Type: FK CONSTRAINT; Schema: public; Owner: postgres
--

ALTER TABLE ONLY public.auth_user_groups
    ADD CONSTRAINT auth_user_groups_user_id_6a12ed8b_fk_auth_user_id FOREIGN KEY (user_id) REFERENCES public.auth_user(id) DEFERRABLE INITIALLY DEFERRED;


--
-- Name: auth_user_user_permissions auth_user_user_permi_permission_id_1fbb5f2c_fk_auth_perm; Type: FK CONSTRAINT; Schema: public; Owner: postgres
--

ALTER TABLE ONLY public.auth_user_user_permissions
    ADD CONSTRAINT auth_user_user_permi_permission_id_1fbb5f2c_fk_auth_perm FOREIGN KEY (permission_id) REFERENCES public.auth_permission(id) DEFERRABLE INITIALLY DEFERRED;


--
-- Name: auth_user_user_permissions auth_user_user_permissions_user_id_a95ead1b_fk_auth_user_id; Type: FK CONSTRAINT; Schema: public; Owner: postgres
--

ALTER TABLE ONLY public.auth_user_user_permissions
    ADD CONSTRAINT auth_user_user_permissions_user_id_a95ead1b_fk_auth_user_id FOREIGN KEY (user_id) REFERENCES public.auth_user(id) DEFERRABLE INITIALLY DEFERRED;


--
-- Name: django_admin_log django_admin_log_content_type_id_c4bce8eb_fk_django_co; Type: FK CONSTRAINT; Schema: public; Owner: postgres
--

ALTER TABLE ONLY public.django_admin_log
    ADD CONSTRAINT django_admin_log_content_type_id_c4bce8eb_fk_django_co FOREIGN KEY (content_type_id) REFERENCES public.django_content_type(id) DEFERRABLE INITIALLY DEFERRED;


--
-- Name: django_admin_log django_admin_log_user_id_c564eba6_fk_auth_user_id; Type: FK CONSTRAINT; Schema: public; Owner: postgres
--

ALTER TABLE ONLY public.django_admin_log
    ADD CONSTRAINT django_admin_log_user_id_c564eba6_fk_auth_user_id FOREIGN KEY (user_id) REFERENCES public.auth_user(id) DEFERRABLE INITIALLY DEFERRED;


--
-- Name: popups_popupgroup popups_popupgroup_group_id_eba8f03f_fk_popups_group_id; Type: FK CONSTRAINT; Schema: public; Owner: postgres
--

ALTER TABLE ONLY public.popups_popupgroup
    ADD CONSTRAINT popups_popupgroup_group_id_eba8f03f_fk_popups_group_id FOREIGN KEY (group_id) REFERENCES public.popups_group(id) DEFERRABLE INITIALLY DEFERRED;


--
-- Name: popups_popupgroup popups_popupgroup_popup_id_44e94f3e_fk_popups_adpopup_id; Type: FK CONSTRAINT; Schema: public; Owner: postgres
--

ALTER TABLE ONLY public.popups_popupgroup
    ADD CONSTRAINT popups_popupgroup_popup_id_44e94f3e_fk_popups_adpopup_id FOREIGN KEY (popup_id) REFERENCES public.popups_adpopup(id) DEFERRABLE INITIALLY DEFERRED;


--
-- Name: popups_targetedpopup popups_targetedpopup_action_id_8bb7b873_fk_popups_action_id; Type: FK CONSTRAINT; Schema: public; Owner: postgres
--

ALTER TABLE ONLY public.popups_targetedpopup
    ADD CONSTRAINT popups_targetedpopup_action_id_8bb7b873_fk_popups_action_id FOREIGN KEY (action_id) REFERENCES public.popups_action(id) DEFERRABLE INITIALLY DEFERRED;


--
-- Name: popups_targetedpopupanswer popups_targetedpopup_popup_id_1017f51b_fk_popups_ta; Type: FK CONSTRAINT; Schema: public; Owner: postgres
--

ALTER TABLE ONLY public.popups_targetedpopupanswer
    ADD CONSTRAINT popups_targetedpopup_popup_id_1017f51b_fk_popups_ta FOREIGN KEY (popup_id) REFERENCES public.popups_targetedpopup(id) DEFERRABLE INITIALLY DEFERRED;


--
-- Name: popups_targetedpopupanswer popups_targetedpopupanswer_user_id_49164a22_fk_popups_user_id; Type: FK CONSTRAINT; Schema: public; Owner: postgres
--

ALTER TABLE ONLY public.popups_targetedpopupanswer
    ADD CONSTRAINT popups_targetedpopupanswer_user_id_49164a22_fk_popups_user_id FOREIGN KEY (user_id) REFERENCES public.popups_user(id) DEFERRABLE INITIALLY DEFERRED;


--
-- Name: popups_usergroup popups_usergroup_group_id_101a84e4_fk_popups_group_id; Type: FK CONSTRAINT; Schema: public; Owner: postgres
--

ALTER TABLE ONLY public.popups_usergroup
    ADD CONSTRAINT popups_usergroup_group_id_101a84e4_fk_popups_group_id FOREIGN KEY (group_id) REFERENCES public.popups_group(id) DEFERRABLE INITIALLY DEFERRED;


--
-- Name: popups_usergroup popups_usergroup_user_id_d2214b09_fk_popups_user_id; Type: FK CONSTRAINT; Schema: public; Owner: postgres
--

ALTER TABLE ONLY public.popups_usergroup
    ADD CONSTRAINT popups_usergroup_user_id_d2214b09_fk_popups_user_id FOREIGN KEY (user_id) REFERENCES public.popups_user(id) DEFERRABLE INITIALLY DEFERRED;


--
-- PostgreSQL database dump complete
--

